"","Date","return"
"1",2021-09-10,0.246300270610433
"2",2021-09-13,-0.0487093898513535
"3",2021-09-14,0.616505938137024
"4",2021-09-15,0.72525135815642
"5",2021-09-17,-1.7094461748167
"6",2021-09-20,-1.47268131310145
"7",2021-09-21,0.533568154310515
"8",2021-09-22,0.998791844772384
"9",2021-09-23,0.244993295896379
"10",2021-09-24,-0.699152037817363
"11",2021-09-27,0.959695694079166
"12",2021-09-28,-1.31290439842537
"13",2021-09-29,0.311910149384431
"14",2021-09-30,0.5873754291434
"15",2021-10-01,-0.635461338256249
"16",2021-10-04,-0.386781464121277
"17",2021-10-05,0.38069163531933
"18",2021-10-06,-0.161623027730329
"19",2021-10-07,-0.191470665050097
"20",2021-10-08,0.50903248519969
"21",2021-10-11,0.992637407240871
"22",2021-10-12,0.365528241463586
"23",2021-10-13,-0.0443957363264857
"24",2021-10-14,0.629838340918987
"25",2021-10-15,1.25435091850168
"26",2021-10-18,-0.213012896530529
"27",2021-10-19,-0.53916605907709
"28",2021-10-20,-0.199675943743571
"29",2021-10-21,-0.533270250715567
"30",2021-10-22,-0.250969215991326
"31",2021-10-25,-0.107708284886243
"32",2021-10-26,0.716626793985142
"33",2021-10-27,-0.946855882418696
"34",2021-10-28,-0.904718974678964
"35",2021-10-29,0.118956303608897
"36",2021-11-01,0.667080037990786
"37",2021-11-03,0.431849841777421
"38",2021-11-04,-0.00645329649024973
"39",2021-11-05,0.20124911798618
"40",2021-11-08,0.524857367503628
"41",2021-11-09,-0.263242398809815
"42",2021-11-10,-0.789309624668633
"43",2021-11-11,0.00505414488909395
"44",2021-11-12,-0.532236764848903
"45",2021-11-16,-0.528373179465014
"46",2021-11-17,-0.227770977692465
"47",2021-11-18,-0.418450775993229
"48",2021-11-19,-0.0406292356531779
"49",2021-11-22,-0.620331047198519
"50",2021-11-23,1.21883504145952
"51",2021-11-24,-0.526242118023212
"52",2021-11-25,-0.439587950419096
"53",2021-11-26,-2.26239878527323
"54",2021-11-29,0.611916219662589
"55",2021-11-30,-0.1961546678384
"56",2021-12-01,0.618704520834434
"57",2021-12-02,1.82344766387779
"58",2021-12-03,-0.650267592107312
"59",2021-12-06,0.0163424873113271
"60",2021-12-07,0.616059530042357
"61",2021-12-08,0.270632945993299
"62",2021-12-09,0.355347679552942
"63",2021-12-10,-0.047903765136148
"64",2021-12-13,-1.56312907049259
"65",2021-12-14,1.61776436563379
"66",2021-12-15,-0.151962327579369
"67",2021-12-16,0.429846279450885
"68",2021-12-17,1.91848521311115
"69",2021-12-20,-1.45288757910205
"70",2021-12-21,0.889844264291995
"71",2021-12-22,0.608241139940269
"72",2021-12-23,0.471871470045571
"73",2021-12-24,0.383811881675911
"74",2021-12-27,0.765564842292576
"75",2021-12-28,-0.0395840626941535
"76",2021-12-29,-0.923797009567373
"77",2021-12-30,0.804958066673578
"78",2021-12-31,0.182608813726048
"79",2022-01-03,-0.624084338587672
"80",2022-01-04,0.14301835106636
"81",2022-01-05,0.0138949885361228
"82",2022-01-06,0.0587487116135321
"83",2022-01-07,0.276311767133208
"84",2022-01-10,-0.690977874370979
"85",2022-01-11,0.427130211755689
"86",2022-01-12,1.66192649005783
"87",2022-01-13,-0.0383594764105766
"88",2022-01-14,-0.344605317751956
"89",2022-01-17,0.42397295260983
"90",2022-01-18,-1.38254535951177
"91",2022-01-19,-0.771239677894897
"92",2022-01-20,-0.597883062534343
"93",2022-01-21,-1.74625986125712
"94",2022-01-24,-1.38316046179447
"95",2022-01-25,0.41923846333578
"96",2022-01-26,-0.131856086186666
"97",2022-01-27,-1.12516256417692
"98",2022-01-28,0.387311769385157
"99",2022-01-31,1.31186194716157
"100",2022-02-01,0.876360712182844
"101",2022-02-02,0.463553595920452
"102",2022-02-03,-1.7024235038372
"103",2022-02-04,0.215232053691317
"104",2022-02-08,2.00735019875395
"105",2022-02-09,0.889683486434301
"106",2022-02-10,-0.308143254895832
"107",2022-02-11,1.19001781683679
"108",2022-02-14,-1.69480642636657
"109",2022-02-15,1.66038275534177
"110",2022-02-16,0.879246102423359
"111",2022-02-17,-1.82122565629381
"112",2022-02-18,-0.820106746334481
"113",2022-02-21,-0.491535158824163
"114",2022-02-22,1.09968338455477
"115",2022-02-23,-2.38075797710664
"116",2022-02-24,0.177211135009081
"117",2022-02-25,2.11824949850978
"118",2022-02-28,1.59504708661551
"119",2022-03-01,-0.435001723636574
"120",2022-03-02,0.247657658430356
"121",2022-03-03,0.425638364214009
"122",2022-03-04,-0.385514407321708
"123",2022-03-07,-1.91125172867661
"124",2022-03-08,1.84780510188229
"125",2022-03-09,1.16331777489318
"126",2022-03-10,-0.976976344656144
"127",2022-03-11,-0.162945473277176
"128",2022-03-14,-0.929393044326865
"129",2022-03-15,0.382527687333045
"130",2022-03-16,0.755237658893115
"131",2022-03-17,1.76784102171439
"132",2022-03-18,2.00777228145785
"133",2022-03-22,0.459435890180693
"134",2022-03-23,-1.0242068681503
"135",2022-03-24,1.21672446045764
"136",2022-03-25,-0.707872227206252
"137",2022-03-28,0.448321796783091
"138",2022-03-29,0.76222948139435
"139",2022-03-30,-0.529319051204347
"140",2022-03-31,1.28471850137046
"141",2022-04-01,0.128788015853232
"142",2022-04-04,-0.524834553177911
"143",2022-04-05,-1.36944470105114
"144",2022-04-06,-0.195625771298147
"145",2022-04-07,-0.285660591289627
"146",2022-04-08,-1.07912568349278
"147",2022-04-11,-0.409381548714371
"148",2022-04-12,-1.02717999733599
"149",2022-04-13,0.491065772636112
"150",2022-04-18,-0.0608050696259355
"151",2022-04-19,0.908445390227719
"152",2022-04-20,-1.4801803098317
"153",2022-04-21,-1.05274392641128
"154",2022-04-22,-0.141889915708049
"155",2022-04-25,-1.04118778799585
"156",2022-04-26,-0.243676536304882
"157",2022-04-27,-0.30801847727755
"158",2022-04-28,0.501044212062673
"159",2022-04-29,-2.29978127901767
"160",2022-05-02,0.908961316861578
"161",2022-05-03,-1.59474587886983
"162",2022-05-04,0.714292235630687
"163",2022-05-05,-1.77065603510513
"164",2022-05-06,-1.97492831899311
"165",2022-05-09,-0.98246478795545
"166",2022-05-10,0.118970091267379
"167",2022-05-11,0.325984001398361
"168",2022-05-12,0.0671291984076561
"169",2022-05-13,0.547236197563983
"170",2022-05-16,1.9653996217432
"171",2022-05-17,1.76436669637585
"172",2022-05-18,-2.10104008442382
"173",2022-05-19,1.7621309233169
"174",2022-05-20,0.444304980376486
"175",2022-05-23,-0.274862689589739
"176",2022-05-24,-0.141898938674956
"177",2022-05-25,0.80184239035006
"178",2022-05-26,0.820203710680545
"179",2022-05-27,0.612871339719057
"180",2022-05-30,-0.576289946836361
"181",2022-05-31,-0.788241418552538
"182",2022-06-01,-0.477215631321748
"183",2022-06-02,-1.04369104023672
"184",2022-06-03,-0.55543509250402
"185",2022-06-06,-1.24770281395286
"186",2022-06-07,0.157022348354907
"187",2022-06-08,-0.640064686124653
"188",2022-06-09,-1.06768161075816
"189",2022-06-10,-1.67492594284866
"190",2022-06-13,-0.0541056765070991
"191",2022-06-14,-0.581375617842284
"192",2022-06-15,0.374057118426485
"193",2022-06-16,-1.64013789158606
"194",2022-06-17,0.957830989509567
"195",2022-06-20,-0.491690382933818
"196",2022-06-21,0.675102583052123
"197",2022-06-22,-2.01588400922024
"198",2022-06-23,-1.03725633708063
"199",2022-06-24,2.29592335527755
"200",2022-06-27,1.15234361581109
"201",2022-06-28,0.290749073967866
"202",2022-06-29,-0.774825097257725
"203",2022-06-30,-1.12394175227735
"204",2022-07-01,0.459126939919585
"205",2022-07-04,0.612304932013785
"206",2022-07-05,-1.11611458288916
"207",2022-07-06,0.460109279561394
"208",2022-07-07,-0.731701153994457
"209",2022-07-08,0.437528396203035
"210",2022-07-11,-0.447002913818828
"211",2022-07-12,0.592771103769252
"212",2022-07-13,-0.399879048896423
"213",2022-07-14,-1.52874025132288
"214",2022-07-15,0.713225273563722
"215",2022-07-18,-0.324837274966683
"216",2022-07-19,0.713578269300186
"217",2022-07-20,-0.268545303225309
"218",2022-07-21,0.600501513077489
"219",2022-07-22,-0.320046216820913
"220",2022-07-25,-0.131725215543099
"221",2022-07-26,-1.12561277397845
"222",2022-07-27,0.360620796255162
"223",2022-07-28,2.67373116988399
"224",2022-07-29,0.0666106962347257
"225",2022-08-01,-1.59069277927486
"226",2022-08-02,-1.02213476962572
"227",2022-08-03,0.185144027476447
"228",2022-08-04,-0.156406802634201
"229",2022-08-05,-0.411668688216871
"230",2022-08-08,1.34236958495322
"231",2022-08-09,-0.239016526687585
"232",2022-08-10,1.19181258651935
"233",2022-08-11,1.35526793313989
"234",2022-08-12,0.807330417971741
"235",2022-08-15,-0.441087805742946
"236",2022-08-16,0.33522249582969
"237",2022-08-17,-0.138699210321036
"238",2022-08-18,-0.00869713579820797
"239",2022-08-19,-0.548474806375943
"240",2022-08-22,-0.925904086800067
"241",2022-08-23,-0.0887130818487236
"242",2022-08-24,-1.09890041627185
"243",2022-08-25,0.576856418457083
"244",2022-08-26,-0.951894112476914
"245",2022-08-29,-2.03012650223933
"246",2022-08-30,-0.867379187130624
"247",2022-08-31,-2.20796731957922
"248",2022-09-01,1.02906116290651
"249",2022-09-02,1.10610008097414
"250",2022-09-05,0.299080148640307
"251",2022-09-06,-0.268005995085474
"252",2022-09-07,0.335098966500169
"253",2022-09-08,0.490298442099579
"254",2022-09-09,1.62787657811538
"255",2022-09-12,1.72292899457833
"256",2022-09-13,-1.72973816500566
"257",2022-09-14,-0.628226621440575
"258",2022-09-15,0.052682097183876
"259",2022-09-19,0.0508929808439973
"260",2022-09-20,0.585842700771977
"261",2022-09-21,-0.161638751606574
"262",2022-09-22,-1.43081781678802
"263",2022-09-23,-2.0257381002498
"264",2022-09-26,-1.30235434989281
"265",2022-09-27,0.439908322994853
"266",2022-09-28,0.964318498007799
"267",2022-09-29,-0.750262617236253
"268",2022-09-30,-1.06042103247681
"269",2022-10-03,1.78325838574924
"270",2022-10-04,1.34862753381988
"271",2022-10-05,-0.436924720023057
"272",2022-10-06,1.04338253611189
"273",2022-10-07,-1.29881792566913
"274",2022-10-10,-0.59603629459879
"275",2022-10-11,0.736149702318656
"276",2022-10-12,-0.247392581005634
"277",2022-10-13,0.190496784358452
"278",2022-10-14,-0.709549746722615
"279",2022-10-17,1.69616256822973
"280",2022-10-18,0.191314804545684
"281",2022-10-19,-0.198405693732262
"282",2022-10-20,0.211749200314237
"283",2022-10-21,1.72244588787702
"284",2022-10-24,1.35989449828635
"285",2022-10-25,1.81741955518664
"286",2022-10-26,1.40014779418927
"287",2022-10-27,-0.884860691547651
"288",2022-10-28,0.395478047511766
"289",2022-10-31,1.6887822988009
"290",2022-11-01,1.87043336103425
"291",2022-11-03,-1.28410120008926
"292",2022-11-04,1.88955712832524
"293",2022-11-07,-0.811467638701835
"294",2022-11-08,0.252432186675478
"295",2022-11-09,-0.675725213625711
"296",2022-11-10,0.956812398228912
"297",2022-11-11,1.8011557603673
"298",2022-11-14,-0.335575889300621
"299",2022-11-15,-0.250286686823209
"300",2022-11-16,-0.214607862972471
"301",2022-11-17,-0.357745601229098
"302",2022-11-18,0.405803450984621
"303",2022-11-22,0.369341049677097
"304",2022-11-23,0.449928584047044
"305",2022-11-24,-0.0287334321695809
"306",2022-11-25,-0.598898314487961
"307",2022-11-28,-1.14320014591875
"308",2022-11-29,-1.79208996573106
"309",2022-11-30,2.96667511580182
"310",2022-12-01,-0.440767209938286
"311",2022-12-02,-0.434659386640135
"312",2022-12-05,-0.85248741806172
"313",2022-12-06,0.434467904797664
"314",2022-12-07,-0.579259251601982
"315",2022-12-08,0.69297356778133
"316",2022-12-09,-1.20627692449826
"317",2022-12-13,-0.264185260871663
"318",2022-12-14,-0.568640836842249
"319",2022-12-15,-1.41940022157563
"320",2022-12-16,0.581594764391546
"321",2022-12-19,0.634597477454868
"322",2022-12-20,0.386310719632199
"323",2022-12-21,0.570454276959076
"324",2022-12-22,-0.654661264006329
"325",2022-12-23,0.955298290048212
"326",2022-12-26,-0.603260619928214
"327",2022-12-27,0.329902903512469
"328",2022-12-28,-1.58225419565596
"329",2022-12-29,-0.262895639940908
"330",2022-12-30,-2.15150473158197
"331",2023-01-02,1.08639416859972
"332",2023-01-03,0.116728893755358
"333",2023-01-04,2.23936223726611
"334",2023-01-05,1.27557211950116
"335",2023-01-06,1.80486227063827
"336",2023-01-09,1.05673105478505
"337",2023-01-10,0.122283061211625
"338",2023-01-11,1.6389864271888
"339",2023-01-12,0.720694264275501
"340",2023-01-13,-0.0319875574920303
"341",2023-01-16,0.102924345707223
"342",2023-01-17,-0.942153516012034
"343",2023-01-18,0.168991552294706
"344",2023-01-19,0.307351167625214
"345",2023-01-20,1.05170496687155
"346",2023-01-23,0.728079984160246
"347",2023-01-24,0.969225643086347
"348",2023-01-25,0.0015661753954177
"349",2023-01-26,0.531925381588572
"350",2023-01-27,-0.707853379939571
"351",2023-01-30,-0.463841558792133
"352",2023-01-31,0.0785434685923292
"353",2023-02-01,0.829768281687926
"354",2023-02-02,-2.1012066373185
"355",2023-02-03,0.322710127788106
"356",2023-02-07,-1.3289611608835
"357",2023-02-08,-0.395452262536367
"358",2023-02-09,-0.610958007239049
"359",2023-02-10,-0.606764194329479
"360",2023-02-13,1.07798493943729
"361",2023-02-14,-0.733505412352997
"362",2023-02-15,1.43116854025447
"363",2023-02-16,1.10498659168154
"364",2023-02-17,-0.419607721902615
"365",2023-02-20,0.22082117260549
"366",2023-02-21,-1.24800672055017
"367",2023-02-22,-0.110807036505811
"368",2023-02-23,-0.179317453126338
"369",2023-02-24,-0.755350654951847
"370",2023-02-27,0.619459403869449
"371",2023-02-28,-0.48323520638327
"372",2023-03-01,1.34689433440123
"373",2023-03-02,-0.269523861983956
"374",2023-03-03,1.58634895449996
"375",2023-03-06,-0.477452712865656
"376",2023-03-07,-1.59913226496506
"377",2023-03-08,0.601049206203186
"378",2023-03-09,0.0713555648813369
"379",2023-03-10,-1.19043119022013
"380",2023-03-13,0.411540838332236
"381",2023-03-14,-0.606582720098636
"382",2023-03-15,-1.15686427195776
"383",2023-03-16,0.803317125323488
"384",2023-03-17,-1.11096148835923
"385",2023-03-21,1.39044346516286
"386",2023-03-22,-0.194386066248065
"387",2023-03-23,0.526734285143604
"388",2023-03-24,-0.107593011130191
"389",2023-03-27,0.152052382880008
"390",2023-03-28,0.674484778877016
"391",2023-03-29,1.25846231269069
"392",2023-03-30,0.584729016133423
"393",2023-03-31,-0.54566903406652
"394",2023-04-03,-0.0141900047671228
"395",2023-04-04,0.517543564305711
"396",2023-04-05,-1.25866505857886
"397",2023-04-10,1.38874786103536
"398",2023-04-11,0.657960737596497
"399",2023-04-12,-0.498465177908969
"400",2023-04-13,0.665257534408958
"401",2023-04-14,-0.43190180757442
"402",2023-04-17,0.583806211388982
"403",2023-04-18,-0.72076919222166
"404",2023-04-19,-0.142473326707737
"405",2023-04-20,-0.0264800513997798
"406",2023-04-21,-0.218366064202158
"407",2023-04-24,0.988938191038002
"408",2023-04-25,-0.628154492473243
"409",2023-04-26,-0.64167649241007
"410",2023-04-27,0.772326084634933
"411",2023-04-28,1.23956654841777
"412",2023-05-02,0.105549593277665
"413",2023-05-03,-0.422093569629567
"414",2023-05-04,-0.510520226619349
"415",2023-05-05,0.493008926435756
"416",2023-05-08,0.174102114166885
"417",2023-05-09,0.759574889499071
"418",2023-05-10,0.147673026205553
"419",2023-05-11,-0.941707536101077
"420",2023-05-12,-0.119714121379211
"421",2023-05-15,0.568158153265585
"422",2023-05-16,-0.145692498642447
"423",2023-05-17,-0.206076021847856
"424",2023-05-18,0.3548221412224
"425",2023-05-19,-1.76540913406633
"426",2023-05-22,-1.53995658703288
"427",2023-05-23,-0.643783152686872
"428",2023-05-24,0.507301628736734
"429",2023-05-25,0.655756599247681
"430",2023-05-26,0.521053782403946
"431",2023-05-29,0.345946217616522
"432",2023-05-30,-1.61934489415181
"433",2023-05-31,-1.14179335244966
"434",2023-06-01,-0.0231944525481254
"435",2023-06-02,0.960172208117882
"436",2023-06-05,0.56821987075093
"437",2023-06-06,1.66004592880906
"438",2023-06-07,-0.258913494678126
"439",2023-06-08,0.0860507174074598
"440",2023-06-09,0.319633575918665
"441",2023-06-12,-0.430222132956537
"442",2023-06-13,0.545010228053755
"443",2023-06-14,1.04025501118432
"444",2023-06-15,0.359889770079391
"445",2023-06-16,-0.910711488834792
"446",2023-06-19,0.161326435775955
"447",2023-06-20,-1.03458521846918
"448",2023-06-21,-0.556619850388351
"449",2023-06-22,-0.930257565685544
"450",2023-06-23,-0.414196344410556
"451",2023-06-26,-0.0115710743482822
"452",2023-06-27,1.10229957871066
"453",2023-06-28,-0.869480736969841
"454",2023-06-29,0.233845371586483
"455",2023-06-30,-0.110384585551415
"456",2023-07-03,1.61782237300301
"457",2023-07-04,-0.864479409977648
"458",2023-07-05,0.201538009725688
"459",2023-07-06,-1.17633086281774
"460",2023-07-07,0.92551334928892
"461",2023-07-10,-0.462883555641724
"462",2023-07-11,0.895772612951262
"463",2023-07-12,-0.335686399949608
"464",2023-07-13,0.531052749730776
"465",2023-07-14,-0.876201983836467
"466",2023-07-17,-0.274747651105045
"467",2023-07-18,0.767237217513106
"468",2023-07-19,-0.549489570058626
"469",2023-07-20,-0.333246368204065
"470",2023-07-21,0.262510737264776
"471",2023-07-24,-0.341817476525996
"472",2023-07-25,0.9200409402224
"473",2023-07-26,0.900358497480447
"474",2023-07-27,0.460024931192038
"475",2023-07-28,0.349829435769067
"476",2023-07-31,-0.22998148264044
"477",2023-08-01,-1.11609251470828
"478",2023-08-02,-1.72490359620348
"479",2023-08-03,0.30269543501209
"480",2023-08-04,1.01704110038376
"481",2023-08-07,0.0766610312552984
"482",2023-08-08,-0.686767512949871
"483",2023-08-09,1.03393454165897
"484",2023-08-10,-0.613650502823937
"485",2023-08-11,-1.20763887124689
"486",2023-08-14,0.0925177648975151
"487",2023-08-15,0.549474604482469
"488",2023-08-16,0.451791741912544
"489",2023-08-17,-1.17029176678045
"490",2023-08-18,-0.0132538674225913
"491",2023-08-21,-0.159220354544587
"492",2023-08-22,0.0342024919529393
"493",2023-08-23,0.950540347746376
"494",2023-08-24,-0.984617803912435
"495",2023-08-25,0.153719842472277
"496",2023-08-28,0.470974425465442
"497",2023-08-29,1.52028430855697
"498",2023-08-30,0.23821031982969
"499",2023-08-31,-2.55061940624461
"500",2023-09-01,0.234309600081062
"501",2023-09-04,-0.216320109077728
"502",2023-09-05,-0.185007108407831
"503",2023-09-06,0.0730690450120974
"504",2023-09-07,-0.92594951930085
"505",2023-09-08,0.0421774085660687
"506",2023-09-11,-0.453594749930808
"507",2023-09-12,-0.781809657514643
"508",2023-09-13,-0.654405371612476
"509",2023-09-14,0.452179003843511
"510",2023-09-15,-0.783805350725153
"511",2023-09-18,0.647744963492869
"512",2023-09-19,1.02874255676948
"513",2023-09-20,0.548988309493836
"514",2023-09-21,-1.05919460750883
"515",2023-09-22,-0.533683150756836
"516",2023-09-25,-0.601718944013996
"517",2023-09-26,-0.506777358003774
"518",2023-09-27,0.623142467822291
"519",2023-09-28,0.247964657338429
"520",2023-09-29,-1.32769541216149
"521",2023-10-02,0.754670049475514
"522",2023-10-03,-1.75938603972003
"523",2023-10-04,0.724640376097163
"524",2023-10-05,-2.55156320815804
"525",2023-10-06,0.427578993402378
"526",2023-10-09,-0.746442321557339
"527",2023-10-10,1.99372155469497
"528",2023-10-11,0.109065695035504
"529",2023-10-12,-1.19809352679336
"530",2023-10-13,-0.737623513891883
"531",2023-10-16,0.894135240925742
"532",2023-10-17,-0.315746253155957
"533",2023-10-18,-0.790841666154485
"534",2023-10-19,-0.958765085374935
"535",2023-10-20,-1.08920810941733
"536",2023-10-23,-0.161766771626937
"537",2023-10-24,0.167754309620172
"538",2023-10-25,1.00475201727228
"539",2023-10-26,0.849517092407304
"540",2023-10-27,-0.424873409520821
"541",2023-10-30,0.617821958673304
"542",2023-10-31,-0.4382397451554
"543",2023-11-01,1.46884381426489
"544",2023-11-03,2.92712385471603
"545",2023-11-06,0.713117028101884
"546",2023-11-07,-0.824125633118733
"547",2023-11-08,-0.378672204898045
"548",2023-11-09,0.107222851071853
"549",2023-11-10,0.365891872312218
"550",2023-11-13,-0.326975410414043
"551",2023-11-14,2.74231404595753
"552",2023-11-15,0.541457033405379
"553",2023-11-16,-0.621494047446092
"554",2023-11-17,0.410334451412808
"555",2023-11-21,-0.343785009130748
"556",2023-11-22,0.315139329992498
"557",2023-11-23,0.736840558324658
"558",2023-11-24,-0.228527490792807
"559",2023-11-27,-1.36544729727728
"560",2023-11-28,0.264892861916088
"561",2023-11-29,0.825113824927826
"562",2023-11-30,2.37197770612205
"563",2023-12-01,-0.293775524366247
"564",2023-12-04,0.281967925490534
"565",2023-12-05,0.124393890205532
"566",2023-12-06,-0.0379575301815649
"567",2023-12-07,0.656633725478528
"568",2023-12-08,-0.117169792989635
"569",2023-12-11,0.0847348601324072
"570",2023-12-13,1.32974928469274
"571",2023-12-14,3.33095180308103
"572",2023-12-15,0.16406961938813
"573",2023-12-18,1.04948781654901
"574",2023-12-19,-0.0666545989309597
"575",2023-12-20,-1.36990507445915
"576",2023-12-21,1.01109766250929
"577",2023-12-22,-0.303534546909034
"578",2023-12-26,0.751477725847316
"579",2023-12-27,-0.331864805371218
"580",2023-12-28,-0.156577572445116
"581",2023-12-29,-0.13612787073054
"582",2024-01-02,-0.70966518640283
"583",2024-01-03,-2.2249755435082
"584",2024-01-04,-0.575308574067002
"585",2024-01-05,1.40830665892224
"586",2024-01-08,-0.0304522749159375
"587",2024-01-09,-1.92328309683063
"588",2024-01-10,0.385955104105662
"589",2024-01-11,0.216830926566303
"590",2024-01-12,0.303154933586391
"591",2024-01-15,-0.190734777442358
"592",2024-01-16,-0.680732861485467
"593",2024-01-17,-0.751825722688793
"594",2024-01-18,-0.00694716828739672
"595",2024-01-19,1.3511661446703
"596",2024-01-22,-1.42482295414066
"597",2024-01-23,1.51638598158215
"598",2024-01-24,-0.150280980132145
"599",2024-01-25,1.32735780334414
"600",2024-01-26,1.23136139699653
"601",2024-01-29,0.560989015390589
"602",2024-01-30,0.630114735343668
"603",2024-01-31,-0.286100701545067
"604",2024-02-01,0.790478225258973
"605",2024-02-02,0.687076813652077
"606",2024-02-06,0.716430708455285
"607",2024-02-07,0.113242601580588
"608",2024-02-08,-1.63031778662575
"609",2024-02-09,-0.755832302203885
"610",2024-02-12,0.158699667203877
"611",2024-02-13,-0.894928497046443
"612",2024-02-14,0.59827448671772
"613",2024-02-15,0.00597705547775718
"614",2024-02-16,-0.209437148174629
"615",2024-02-19,0.62456085158118
"616",2024-02-20,-0.457434749732144
"617",2024-02-21,-0.361738636291697
"618",2024-02-22,0.223700689359951
"619",2024-02-23,-0.859219761642471
"620",2024-02-26,-0.824219829350525
"621",2024-02-27,0.0823803863434946
"622",2024-02-28,-1.59589153483299
"623",2024-02-29,0.114460083014478
"624",2024-03-01,0.220495734872905
"625",2024-03-04,-0.133032134441891
"626",2024-03-05,0.0248095823582872
"627",2024-03-06,-0.346220935651687
"628",2024-03-07,-0.42602242819676
"629",2024-03-08,-0.206390959674252
"630",2024-03-11,0.254759024414852
"631",2024-03-12,-0.322203982726066
"632",2024-03-13,1.7152375920066
"633",2024-03-14,0.376279182743211
"634",2024-03-15,0.301256338286571
"635",2024-03-19,-1.21731619157188
"636",2024-03-20,1.90783851982541
"637",2024-03-21,0.0696173584032067
"638",2024-03-22,-0.0828166022499133
"639",2024-03-25,-0.102506941380121
"640",2024-03-26,1.15533497928304
"641",2024-03-27,0.278084124635569
"642",2024-04-01,0.494198901111176
"643",2024-04-02,-0.123958623568754
"644",2024-04-03,-0.136278133797596
"645",2024-04-04,0.657570172917588
"646",2024-04-05,0.3615943931365
"647",2024-04-08,-0.176598764008062
"648",2024-04-09,-0.724802444690553
"649",2024-04-10,-1.63672036336528
"650",2024-04-11,0.341564822478624
"651",2024-04-12,-0.466327475295891
"652",2024-04-15,-1.03407812424976
"653",2024-04-16,-0.334135060664487
"654",2024-04-17,-0.686179298990375
"655",2024-04-18,0.582499831677197
"656",2024-04-19,0.221181724842801
"657",2024-04-22,1.2259165359561
"658",2024-04-23,0.144632429814884
"659",2024-04-24,-0.300203786254549
"660",2024-04-25,1.07067363422733
"661",2024-04-26,1.32644756821048
"662",2024-04-29,-0.010361575074036
"663",2024-04-30,-1.92030839576169
"664",2024-05-02,-0.0898191030197282
"665",2024-05-03,0.805208862118612
"666",2024-05-06,0.258153978828979
"667",2024-05-07,-0.305318828303136
"668",2024-05-08,-0.0478509075042766
"669",2024-05-09,1.33143457517644
"670",2024-05-10,-0.221589742573336
"671",2024-05-13,0.0226628436070797
"672",2024-05-14,-0.868777892660155
"673",2024-05-15,0.388730420984729
"674",2024-05-16,0.013093709850942
"675",2024-05-17,0.210189111698433
"676",2024-05-20,-0.330149690647197
"677",2024-05-21,-1.10827299021974
"678",2024-05-22,-0.580758792118097
"679",2024-05-23,-0.914381926828689
"680",2024-05-24,-0.907669943120659
"681",2024-05-27,0.0717222849283772
"682",2024-05-28,-0.484337438296656
"683",2024-05-29,0.0501666872798623
"684",2024-05-30,0.253095991195629
"685",2024-05-31,-0.313611936934244
"686",2024-06-03,-6.30508578194835
"687",2024-06-04,3.18769465553608
"688",2024-06-05,1.71445121439628
"689",2024-06-06,0.122581800844301
"690",2024-06-07,-2.79192799911439
"691",2024-06-10,0.273813463337191
"692",2024-06-11,0.0216089444370127
"693",2024-06-12,-0.298121122588846
"694",2024-06-13,-1.33062665988462
"695",2024-06-14,-0.100876070764855
"696",2024-06-17,0.333125099253806
"697",2024-06-18,1.50407692614714
"698",2024-06-19,0.248080798962391
"699",2024-06-20,0.0181145361443313
"700",2024-06-21,-1.0262498527787
"701",2024-06-24,-0.523431685406806
"702",2024-06-25,0.173408072352466
"703",2024-06-26,-0.258944452554744
"704",2024-06-27,-0.299775603597929
"705",2024-06-28,0.246410407757658
"706",2024-07-01,0.843021338681282
"707",2024-07-02,-1.78591319569357
"708",2024-07-03,1.61992746496988
"709",2024-07-04,-0.268200565390408
"710",2024-07-05,-0.612817421208689
"711",2024-07-08,1.09185159401282
"712",2024-07-09,0.79842137912518
"713",2024-07-10,1.76206667651453
"714",2024-07-11,0.262571809330936
"715",2024-07-12,0.970094263271726
"716",2024-07-15,-1.17352835489442
"717",2024-07-16,0.121819898315678
"718",2024-07-17,-1.17166109445606
"719",2024-07-18,-1.31436639066216
"720",2024-07-19,1.19100073968728
"721",2024-07-22,0.60993084589871
"722",2024-07-23,-0.555512801511604
"723",2024-07-24,-1.00926672781689
"724",2024-07-25,-0.445879033675567
"725",2024-07-26,-0.212371578422044
"726",2024-07-29,-0.576820013968593
"727",2024-07-30,-0.363138877682978
"728",2024-07-31,1.53881391711899
"729",2024-08-01,-1.36303376324864
"730",2024-08-02,-0.33461104748671
"731",2024-08-05,-0.895802080201591
"732",2024-08-06,1.19635082091598
"733",2024-08-07,0.535342199177258
"734",2024-08-08,0.370703478066936
"735",2024-08-09,0.330391005230979
"736",2024-08-12,-0.0210902076975827
"737",2024-08-13,1.18794504725273
"738",2024-08-14,0.0833386547300918
"739",2024-08-15,1.01122010751187
"740",2024-08-16,-0.334366334879022
"741",2024-08-19,0.0386333950569195
"742",2024-08-20,-0.210223154772216
"743",2024-08-21,-0.234253875228596
"744",2024-08-22,-1.02357022038824
"745",2024-08-23,0.327174462372781
"746",2024-08-26,-0.599301620552772
"747",2024-08-27,-1.31952490161478
"748",2024-08-28,-0.0656488976787273
"749",2024-08-29,1.32431861119002
"750",2024-08-30,-0.425188204353155
"751",2024-09-02,-0.797145922152254
"752",2024-09-03,-1.73703965236811
"753",2024-09-04,0.429299530982163
"754",2024-09-05,-0.289719917025621
"755",2024-09-06,-1.12520434228571
